rouge1,rouge2,rougeL,bleu,bertscore_precision,bertscore_recall,bertscore_f1
0.170326287,0.031159871,0.143910625,0.08842182,0.843432857,0.867731544,0.855330237
